1	
United States US (815)
2	
Russia RU (760)
3	
Germany DE (714)
4	
United Kingdom GB (708)
5	
Brazil BR (692)
6	
Japan JP (687)
7	
Hong Kong HK (686)
8	
Colombia CO (681)
9	
Singapore SG (678)
10	
Mexico MX (675)
11	
Iran IR (672)
12	
Finland FI (671)
13	
Thailand TH (668)
14	
South Africa ZA (668)
15	
Indonesia ID (667)
16	
Philippines PH (667)
17	
India IN (666)
18	
VietNam VN (666)
19	
China CN (666)
20	
South Korea KR (666)
21	
Ecuador EC (666)
22	
Egypt EG (666)
23	
Bangladesh BD (664)
24	
Chile CL (664)
25	
Turkey TR (664)
26	
Venezuela VE (662)
27	
Peru PE (661)
28	
Spain ES (658)
29	
Argentina AR (651)
30	
Netherlands NL (649)
31	
Poland PL (646)
32	
Canada CA (645)
33	
France FR (634)
34	
Ukraine UA (628)
35	
Pakistan PK (625)
36	
Cambodia KH (610)
37	
Dominican Republic DO (605)
38	
Taiwan TW (597)
39	
Australia AU (590)
40	
Kenya KE (588)
41	
Italy IT (522)
42	
Sweden SE (393)
43	
Malaysia MY (381)
44	
Libyan Arab Jamahiriya LY (362)
45	
Iraq IQ (348)
46	
Guatemala GT (286)
47	
Czech Republic CZ (276)
48	
Hungary HU (264)
49	
Honduras HN (243)
50	
Paraguay PY (214)
51	
Ireland IE (201)
52	
Nepal NP (198)
53	
Bulgaria BG (197)
54	
Nigeria NG (193)
55	
Yemen YE (191)
56	
Palestinian Territory PS (189)
57	
Serbia RS (183)
58	
Saudi Arabia SA (181)
59	
United Arab Emirates AE (172)
60	
Romania RO (170)
61	
Kazakhstan KZ (165)
62	
Switzerland CH (145)
63	
Albania AL (141)
64	
Lebanon LB (133)
65	
Qatar QA (132)
66	
Greece GR (128)
67	
Uzbekistan UZ (110)
68	
Tanzania TZ (110)
69	
Slovakia SK (108)
70	
Bolivia BO (104)
71	
Puerto Rico PR (101)
72	
Belarus BY (95)
73	
Afghanistan AF (86)
74	
Austria AT (83)
75	
Lithuania LT (79)
76	
Belgium BE (79)
77	
Latvia LV (74)
78	
Norway NO (68)
79	
Armenia AM (67)
80	
Croatia HR (67)
81	
Georgia GE (66)
82	
Moldova MD (63)
83	
Myanmar MM (62)
84	
Israel IL (61)
85	
Portugal PT (54)
86	
Kosovo XK (52)
87	
Ghana GH (52)
88	
Costa Rica CR (51)
89	
Uruguay UY (50)
90	
Kyrgyzstan KG (48)
91	
Montenegro ME (47)
92	
Bosnia and Herzegovina BA (45)
93	
Mongolia MN (44)
94	
Panama PA (41)
95	
Denmark DK (38)
96	
Cameroon CM (36)
97	
New Zealand NZ (35)
98	
Congo CD (34)
99	
Uganda UG (34)
100	
Macedonia MK (33)
101	
El Salvador SV (32)
102	
Oman OM (27)
103	
Madagascar MG (27)
104	
Zimbabwe ZW (26)
105	
Angola AO (25)
106	
Seychelles SC (25)
107	
Malawi MW (25)
108	
Cyprus CY (23)
109	
Estonia EE (23)
110	
Namibia NA (23)
111	
Tunisia TN (22)
112	
Slovenia SI (22)
113	
Nicaragua NI (21)
114	
Botswana BW (21)
115	
Syrian Arab Republic SY (21)
116	
Mozambique MZ (21)
117	
Zambia ZM (20)
118	
Azerbaijan AZ (20)
119	
Sri Lanka LK (19)
120	
Iceland IS (19)
121	
Jordan JO (19)
122	
Algeria DZ (19)
123	
Luxembourg LU (17)
124	
Rwanda RW (17)
125	
Benin BJ (16)
126	
Maldives MV (16)
127	
Tajikistan TJ (15)
128	
Mauritius MU (15)
129	
Cuba CU (15)
130	
Lao People`s Democratic Republic LA (14)
131	
Guinea GN (14)
132	
Macao MO (13)
133	
Timor-Leste TL (12)
134	
Bahrain BH (11)
135	
Morocco MA (11)
136	
Cote d`Ivoire CI (11)
137	
Burundi BI (9)
138	
Equatorial Guinea GQ (9)
139	
Somalia SO (7)
140	
Bhutan BT (7)
141	
Malta MT (6)
142	
Haiti HT (5)
143	
Virgin Islands, British VG (5)
144	
Chad TD (5)
145	
Gabon GA (5)
146	
Kuwait KW (5)
147	
Burkina Faso BF (4)
148	
Mayotte YT (4)
149	
Mali ML (4)
150	
Cayman Islands KY (4)
151	
Martinique MQ (3)
152	
Guyana GY (3)
153	
Fiji FJ (3)
154	
Belize BZ (3)
155	
Senegal SN (3)
156	
Ethiopia ET (3)
157	
South Sudan SS (3)
158	
Togo TG (3)
159	
Barbados BB (2)
160	
Sudan SD (2)
161	
Trinidad and Tobago TT (2)
162	
Jamaica JM (2)
163	
Sierra Leone SL (2)
164	
Papua New Guinea PG (2)
165	
Congo CG (2)
166	
Andorra AD (2)
167	
Gambia GM (2)
168	
Guam GU (2)
169	
Turkmenistan TM (2)
170	
Lesotho LS (2)
171	
Mauritania MR (2)
172	
Samoa WS (2)
173	
Gibraltar GI (2)
174	
Swaziland SZ (2)
175	
Virgin Islands, U.S. VI (1)
176	
Vanuatu VU (1)
177	
Suriname SR (1)
178	
Bermuda BM (1)
179	
Liberia LR (1)
180	
Djibouti DJ (1)
181	
Tuvalu TV (1)
182	
Guadeloupe GP (1)
183	
Sint Maarten SX (1)
